{"cameraMode":{"drawMode":0,"name":"Shaded","section":"Shading Mode"},"sceneLighting":true,"audioPlay":false,"sceneViewState":{"m_AlwaysRefresh":false,"showFog":true,"showSkybox":true,"showFlares":true,"showImageEffects":true,"showParticleSystems":true,"showVisualEffectGraphs":true,"m_FxEnabled":true},"in2DMode":false,"pivot":{"x":-3.261701822280884,"y":5.508040428161621,"z":-25.891986846923829},"rotation":{"x":0.039977431297302249,"y":0.024977626278996469,"z":-0.0010001990012824536,"w":0.9989013671875},"size":0.1473124474287033,"orthographic":true}